{
  "mediaType": "image/jpeg",
  "name": "automobile-176989_640.jpg",
  "path": "/dxdam/84/840bc22c-ad1e-4bc0-8ab5-0330a8f631a6/automobile-176989_640.jpg",
  "digest": "LQgddmkLwMn2RV8IzY6oTg==",
  "assetType": "image",
  "lastModified": "2017-05-18T12:38:28.418Z",
  "description": "",
  "tags": {
    "values": [
      "classification:vehicle",
      "classification:motor vehicle",
      "classification:maroon color",
      "classification:car"
    ],
    "declined": [
      "classification:hatchback",
      "classification:hearse"
    ],
    "suggested": [
      "classification:vehicle",
      "classification:car",
      "classification:motor vehicle",
      "classification:hearse",
      "classification:hatchback",
      "classification:maroon color"
    ],
    "analysis": "complete"
  },
  "altText": "",
  "categoryIds": [],
  "fileName": "automobile-176989_640.jpg",
  "creatorId": "156431aa-7f0d-4ba8-b277-2542cdbe0db6",
  "rev": "3-5b61ca526fed877b2af6007e077cd759",
  "cognitive": {
    "classifications": [
      "vehicle",
      "car",
      "motor vehicle",
      "hearse",
      "hatchback",
      "maroon color"
    ],
    "faces": [],
    "colors": {
      "vibrant": "#64bcec",
      "muted": "#6c8897",
      "darkVibrant": "#146280",
      "darkMuted": "#374352",
      "lightVibrant": "#98b8e0",
      "lightMuted": "#e4e4f0"
    },
    "status": "complete"
  },
  "id": "840bc22c-ad1e-4bc0-8ab5-0330a8f631a6",
  "resource": "31c067457716b220459c8864f4ef1926",
  "fileSize": 82507,
  "status": "ready",
  "lastModifierId": "156431aa-7f0d-4ba8-b277-2542cdbe0db6",
  "renditions": {
    "default": {
      "id": "r=31c067457716b220459c8864f4ef1926&a=840bc22c-ad1e-4bc0-8ab5-0330a8f631a6",
      "source": "/authoring/v1/resources/31c067457716b220459c8864f4ef1926"
    }
  },
  "metadata": {
    "width": 640,
    "height": 426,
    "camera": {
      "make": "Canon",
      "model": "Canon EOS REBEL T3i",
      "focalLength": 39,
      "shutterSpeed": "1/100",
      "iso": 200,
      "aperture": 7.1
    }
  },
  "classification": "asset",
  "created": "2017-05-18T12:36:45.405Z"
}