{
  "mediaType": "image/jpeg",
  "name": "model-1364607_640.jpg",
  "path": "/dxdam/49/49af47af-234e-45e9-9357-b5d4ad7a0308/model-1364607_640.jpg",
  "digest": "uJSZmzYe06hlgnPREjtTkw==",
  "assetType": "image",
  "lastModified": "2017-05-18T12:38:28.802Z",
  "description": "",
  "tags": {
    "values": [
      "classification:minicar",
      "classification:car",
      "classification:vehicle",
      "classification:compact car",
      "classification:subcompact car",
      "classification:claret red color",
      "classification:maroon color"
    ],
    "declined": [],
    "suggested": [
      "classification:minicar",
      "classification:car",
      "classification:vehicle",
      "classification:compact car",
      "classification:subcompact car",
      "classification:claret red color",
      "classification:maroon color"
    ],
    "analysis": "complete"
  },
  "altText": "",
  "categoryIds": [],
  "fileName": "model-1364607_640.jpg",
  "creatorId": "156431aa-7f0d-4ba8-b277-2542cdbe0db6",
  "rev": "3-9460484a9475726d750fd8313a6ac71d",
  "cognitive": {
    "classifications": [
      "minicar",
      "car",
      "vehicle",
      "compact car",
      "subcompact car",
      "claret red color",
      "maroon color"
    ],
    "faces": [],
    "colors": {
      "vibrant": "#cd0604",
      "muted": "#9ca158",
      "darkVibrant": "#a41112",
      "darkMuted": "#584c2c",
      "lightVibrant": "#f48cac",
      "lightMuted": "#caa5b3"
    },
    "status": "complete"
  },
  "id": "49af47af-234e-45e9-9357-b5d4ad7a0308",
  "resource": "b00b19555cd2f07ed49ff69113d314bd",
  "fileSize": 60099,
  "status": "ready",
  "lastModifierId": "156431aa-7f0d-4ba8-b277-2542cdbe0db6",
  "renditions": {
    "default": {
      "id": "r=b00b19555cd2f07ed49ff69113d314bd&a=49af47af-234e-45e9-9357-b5d4ad7a0308",
      "source": "/authoring/v1/resources/b00b19555cd2f07ed49ff69113d314bd"
    }
  },
  "metadata": {
    "width": 640,
    "height": 360,
    "camera": {
      "make": "SONY",
      "model": "ILCE-6000",
      "focalLength": 168,
      "shutterSpeed": "1/125",
      "aperture": 9
    }
  },
  "classification": "asset",
  "created": "2017-05-18T12:36:45.218Z"
}