{
  "mediaType": "image/jpeg",
  "name": "alarm-2165708_640.jpg",
  "path": "/dxdam/78/789c58cd-a25b-411d-aeed-9f9edc826184/alarm-2165708_640.jpg",
  "digest": "6BFN088ACo1P0HV+Yosc9g==",
  "assetType": "image",
  "lastModified": "2017-05-18T17:10:47.256Z",
  "description": "",
  "tags": {
    "values": [
      "classification:alarm clock",
      "classification:clock",
      "classification:timepiece",
      "classification:device",
      "classification:emerald color",
      "classification:jade green color"
    ],
    "declined": [],
    "suggested": [
      "classification:alarm clock",
      "classification:clock",
      "classification:timepiece",
      "classification:device",
      "classification:emerald color",
      "classification:jade green color"
    ],
    "analysis": "complete"
  },
  "altText": "",
  "categoryIds": [],
  "fileName": "alarm-2165708_640.jpg",
  "creatorId": "156431aa-7f0d-4ba8-b277-2542cdbe0db6",
  "rev": "3-21d87ca98c6a0d380564291fe0b624ba",
  "cognitive": {
    "classifications": [
      "alarm clock",
      "clock",
      "timepiece",
      "device",
      "emerald color",
      "jade green color"
    ],
    "faces": [],
    "colors": {
      "vibrant": "#1399b7",
      "muted": "#70a7b5",
      "darkVibrant": "#047c93",
      "darkMuted": "#27545b",
      "lightVibrant": "#8dcade",
      "lightMuted": "#cec2ae"
    },
    "status": "complete"
  },
  "id": "789c58cd-a25b-411d-aeed-9f9edc826184",
  "resource": "9a4dde410f6958026213cdbb23c49a7f",
  "fileSize": 44212,
  "status": "ready",
  "lastModifierId": "156431aa-7f0d-4ba8-b277-2542cdbe0db6",
  "renditions": {
    "default": {
      "id": "r=9a4dde410f6958026213cdbb23c49a7f&a=789c58cd-a25b-411d-aeed-9f9edc826184",
      "source": "/authoring/v1/resources/9a4dde410f6958026213cdbb23c49a7f"
    }
  },
  "metadata": {
    "width": 640,
    "height": 412,
    "camera": {
      "make": "NIKON CORPORATION",
      "model": "NIKON D610",
      "focalLength": 60,
      "shutterSpeed": "1/200",
      "aperture": 14
    }
  },
  "classification": "asset",
  "created": "2017-05-18T17:10:34.852Z"
}