{
  "mediaType": "image/jpeg",
  "name": "architecture-1867187_640.jpg",
  "path": "/dxdam/25/25f9a8d5-272b-4a6f-a2ef-d2fd5834e48a/architecture-1867187_640.jpg",
  "digest": "Ag+0xj/xX9MdRCmDHWQN7w==",
  "assetType": "image",
  "lastModified": "2017-05-18T12:16:50.861Z",
  "description": "",
  "tags": {
    "values": [
      "classification:detached house",
      "classification:building",
      "classification:villa",
      "classification:country house",
      "classification:bungalow",
      "classification:house",
      "classification:blue color",
      "classification:azure color",
      "user:suburban"
    ],
    "declined": [],
    "suggested": [
      "classification:detached house",
      "classification:building",
      "classification:villa",
      "classification:country house",
      "classification:bungalow",
      "classification:house",
      "classification:blue color",
      "classification:azure color"
    ],
    "analysis": "complete"
  },
  "altText": "",
  "categoryIds": [],
  "fileName": "architecture-1867187_640.jpg",
  "creatorId": "156431aa-7f0d-4ba8-b277-2542cdbe0db6",
  "rev": "4-911efd367f6b2acff1b1e86ef5a0b1da",
  "cognitive": {
    "classifications": [
      "detached house",
      "building",
      "villa",
      "country house",
      "bungalow",
      "house",
      "blue color",
      "azure color"
    ],
    "faces": [],
    "colors": {
      "vibrant": "#f6b43c",
      "muted": "#8b7b8d",
      "darkVibrant": "#655819",
      "darkMuted": "#333155",
      "lightVibrant": "#f4dc86",
      "lightMuted": "#afa9c0"
    },
    "status": "complete"
  },
  "id": "25f9a8d5-272b-4a6f-a2ef-d2fd5834e48a",
  "resource": "b1483607776f014810bdee29de0b3caa",
  "fileSize": 88046,
  "status": "ready",
  "lastModifierId": "156431aa-7f0d-4ba8-b277-2542cdbe0db6",
  "renditions": {
    "default": {
      "id": "r=b1483607776f014810bdee29de0b3caa&a=25f9a8d5-272b-4a6f-a2ef-d2fd5834e48a",
      "source": "/authoring/v1/resources/b1483607776f014810bdee29de0b3caa"
    }
  },
  "metadata": {
    "width": 640,
    "height": 436,
    "camera": {
      "make": "Canon",
      "model": "Canon EOS 5D Mark II",
      "focalLength": 32,
      "shutterSpeed": "10",
      "aperture": 9
    }
  },
  "classification": "asset",
  "created": "2017-05-18T12:11:41.320Z"
}