{
  "mediaType": "image/jpeg",
  "name": "country-1841192_640.jpg",
  "path": "/dxdam/4d/4d800dda-66ad-46f8-85c0-84d4619b8c8d/country-1841192_640.jpg",
  "digest": "mOxqkboEOiWmJ7+PnbJfyw==",
  "assetType": "image",
  "lastModified": "2017-05-18T12:13:33.225Z",
  "description": "",
  "tags": {
    "values": [
      "classification:manor house",
      "classification:building",
      "classification:stately home",
      "classification:country house",
      "classification:brick red color",
      "user:house",
      "user:stone"
    ],
    "declined": [],
    "suggested": [
      "classification:manor house",
      "classification:building",
      "classification:stately home",
      "classification:country house",
      "classification:brick red color"
    ],
    "analysis": "complete"
  },
  "altText": "",
  "categoryIds": [],
  "fileName": "country-1841192_640.jpg",
  "creatorId": "156431aa-7f0d-4ba8-b277-2542cdbe0db6",
  "rev": "5-92035f530041fcdac9dc0ed047026b1a",
  "cognitive": {
    "classifications": [
      "manor house",
      "building",
      "stately home",
      "country house",
      "brick red color"
    ],
    "faces": [],
    "colors": {
      "vibrant": "#4271b3",
      "muted": "#946f5a",
      "darkVibrant": "#54602e",
      "darkMuted": "#5c6233",
      "lightVibrant": "#6893cc",
      "lightMuted": "#98a6bf"
    },
    "status": "complete"
  },
  "id": "4d800dda-66ad-46f8-85c0-84d4619b8c8d",
  "resource": "44dfe26f8e056f3f3b4216616d39a787",
  "fileSize": 86662,
  "status": "ready",
  "lastModifierId": "156431aa-7f0d-4ba8-b277-2542cdbe0db6",
  "renditions": {
    "default": {
      "id": "r=44dfe26f8e056f3f3b4216616d39a787&a=4d800dda-66ad-46f8-85c0-84d4619b8c8d",
      "source": "/authoring/v1/resources/44dfe26f8e056f3f3b4216616d39a787"
    }
  },
  "metadata": {
    "width": 640,
    "height": 360,
    "camera": {
      "make": "Panasonic",
      "model": "DMC-GX8",
      "focalLength": 14,
      "shutterSpeed": "1/800",
      "aperture": 9
    }
  },
  "classification": "asset",
  "created": "2017-05-18T12:11:41.330Z"
}