{
  "mediaType": "image/jpeg",
  "name": "city-647400_640.jpg",
  "path": "/dxdam/18/184f1dcb-2c3c-4bbf-8aa7-5ec67c18bfe2/city-647400_640.jpg",
  "digest": "TdSihCAdoxJhLnJT7i+LyQ==",
  "assetType": "image",
  "lastModified": "2017-05-23T15:27:29.989Z",
  "description": "",
  "tags": {
    "values": [
      "classification:business district",
      "classification:city",
      "classification:indigo color",
      "classification:blue color",
      "user:skyline",
      "user:night"
    ],
    "declined": [],
    "suggested": [
      "classification:business district",
      "classification:city",
      "classification:indigo color",
      "classification:blue color"
    ],
    "analysis": "complete"
  },
  "altText": "",
  "categoryIds": [],
  "fileName": "city-647400_640.jpg",
  "creatorId": "156431aa-7f0d-4ba8-b277-2542cdbe0db6",
  "rev": "3-a9d7bac71d8a37b1045d1d326f71a2c9",
  "cognitive": {
    "classifications": [
      "business district",
      "city",
      "indigo color",
      "blue color"
    ],
    "faces": [],
    "colors": {
      "vibrant": "#ad6d2c",
      "muted": "#ab926a",
      "darkVibrant": "#6a3e17",
      "darkMuted": "#443d31",
      "lightVibrant": "#e4b67a",
      "lightMuted": "#c9b789"
    },
    "status": "complete"
  },
  "id": "184f1dcb-2c3c-4bbf-8aa7-5ec67c18bfe2",
  "resource": "d9ab6ffa98e0dc9079fc59479e3199a1",
  "fileSize": 116405,
  "status": "ready",
  "lastModifierId": "156431aa-7f0d-4ba8-b277-2542cdbe0db6",
  "renditions": {
    "default": {
      "id": "r=d9ab6ffa98e0dc9079fc59479e3199a1&a=184f1dcb-2c3c-4bbf-8aa7-5ec67c18bfe2",
      "source": "/authoring/v1/resources/d9ab6ffa98e0dc9079fc59479e3199a1"
    }
  },
  "metadata": {
    "width": 640,
    "height": 426,
    "camera": {
      "make": "Canon",
      "model": "Canon EOS 5D Mark II",
      "focalLength": 54,
      "shutterSpeed": "1/30",
      "aperture": 2.8
    }
  },
  "classification": "asset",
  "created": "2017-05-23T15:26:40.662Z"
}