{
  "mediaType": "image/jpeg",
  "name": "auto-1327801_640.jpg",
  "path": "/dxdam/45/45339be3-0b9c-4621-a010-5a7d53faec2f/auto-1327801_640.jpg",
  "digest": "ZUVwCzv7gPhHpdErLp9fJA==",
  "assetType": "image",
  "lastModified": "2017-05-18T12:38:28.377Z",
  "description": "",
  "tags": {
    "values": [
      "classification:roadster",
      "classification:car",
      "classification:vehicle",
      "classification:sports car",
      "classification:ash grey color",
      "classification:steel blue color",
      "user:classic"
    ],
    "declined": [],
    "suggested": [
      "classification:roadster",
      "classification:car",
      "classification:vehicle",
      "classification:sports car",
      "classification:ash grey color",
      "classification:steel blue color"
    ],
    "analysis": "complete"
  },
  "altText": "",
  "categoryIds": [],
  "fileName": "auto-1327801_640.jpg",
  "creatorId": "156431aa-7f0d-4ba8-b277-2542cdbe0db6",
  "rev": "3-1e0664699e9c7bd93ca254ca53958397",
  "cognitive": {
    "classifications": [
      "roadster",
      "car",
      "vehicle",
      "sports car",
      "ash grey color",
      "steel blue color"
    ],
    "faces": [],
    "colors": {
      "vibrant": "#40668f",
      "muted": "#70869f",
      "darkVibrant": "#1c467d",
      "darkMuted": "#6f5a3b",
      "lightMuted": "#bdc4ce"
    },
    "status": "complete"
  },
  "id": "45339be3-0b9c-4621-a010-5a7d53faec2f",
  "resource": "b1483607776f014810bdee29de0e2eb9",
  "fileSize": 94770,
  "status": "ready",
  "lastModifierId": "156431aa-7f0d-4ba8-b277-2542cdbe0db6",
  "renditions": {
    "default": {
      "id": "r=b1483607776f014810bdee29de0e2eb9&a=45339be3-0b9c-4621-a010-5a7d53faec2f",
      "source": "/authoring/v1/resources/b1483607776f014810bdee29de0e2eb9"
    }
  },
  "metadata": {
    "width": 640,
    "height": 428,
    "camera": {
      "make": "PENTAX             ",
      "model": "PENTAX K-m         ",
      "focalLength": 21,
      "shutterSpeed": "1/180",
      "aperture": 11
    }
  },
  "classification": "asset",
  "created": "2017-05-18T12:36:42.585Z"
}