{
  "mediaType": "image/jpeg",
  "name": "car-1184860_640.jpg",
  "path": "/dxdam/80/8021d977-1f04-4595-8db9-856bf316f817/car-1184860_640.jpg",
  "digest": "l0GzAzleMcx1KDmdhyYkxA==",
  "assetType": "image",
  "lastModified": "2017-05-18T12:38:28.446Z",
  "description": "",
  "tags": {
    "values": [
      "classification:convertible car",
      "classification:car",
      "classification:vehicle",
      "classification:body (of vehicle)",
      "classification:coupe car",
      "classification:sports car",
      "classification:yellow color",
      "user:classic"
    ],
    "declined": [],
    "suggested": [
      "classification:convertible car",
      "classification:car",
      "classification:vehicle",
      "classification:body (of vehicle)",
      "classification:coupe car",
      "classification:sports car",
      "classification:yellow color"
    ],
    "analysis": "complete"
  },
  "altText": "",
  "categoryIds": [],
  "fileName": "car-1184860_640.jpg",
  "creatorId": "156431aa-7f0d-4ba8-b277-2542cdbe0db6",
  "rev": "3-85e3741ed77feb8ff4f101f1aaf3d0d3",
  "cognitive": {
    "classifications": [
      "convertible car",
      "car",
      "vehicle",
      "body (of vehicle)",
      "coupe car",
      "sports car",
      "yellow color"
    ],
    "faces": [],
    "colors": {
      "vibrant": "#a79d2c",
      "muted": "#858e58",
      "darkVibrant": "#716c1a",
      "darkMuted": "#566039",
      "lightVibrant": "#ecdc9a",
      "lightMuted": "#dbd9bc"
    },
    "status": "complete"
  },
  "id": "8021d977-1f04-4595-8db9-856bf316f817",
  "resource": "31c067457716b220459c8864f4eef375",
  "fileSize": 177541,
  "status": "ready",
  "lastModifierId": "156431aa-7f0d-4ba8-b277-2542cdbe0db6",
  "renditions": {
    "default": {
      "id": "r=31c067457716b220459c8864f4eef375&a=8021d977-1f04-4595-8db9-856bf316f817",
      "source": "/authoring/v1/resources/31c067457716b220459c8864f4eef375"
    }
  },
  "metadata": {
    "width": 640,
    "height": 480,
    "camera": {
      "make": "Panasonic",
      "model": "DMC-GH4",
      "focalLength": 25,
      "shutterSpeed": "1/1250",
      "aperture": 4
    }
  },
  "classification": "asset",
  "created": "2017-05-18T12:36:42.438Z"
}