{
  "mediaType": "image/jpeg",
  "name": "clock-611619_640.jpg",
  "path": "/dxdam/39/39c993c3-8873-4a08-af63-312d387b0311/clock-611619_640.jpg",
  "digest": "qCkwYhZ2Wz//Bk4GMlfGLw==",
  "assetType": "image",
  "lastModified": "2017-05-18T17:10:47.238Z",
  "description": "",
  "tags": {
    "values": [
      "classification:wall clock",
      "classification:clock",
      "classification:timepiece",
      "classification:device",
      "classification:analog clock",
      "classification:hour hand",
      "classification:hand",
      "classification:indicator",
      "classification:reddish brown color"
    ],
    "declined": [],
    "suggested": [
      "classification:wall clock",
      "classification:clock",
      "classification:timepiece",
      "classification:device",
      "classification:analog clock",
      "classification:hour hand",
      "classification:hand",
      "classification:indicator",
      "classification:reddish brown color"
    ],
    "analysis": "complete"
  },
  "altText": "",
  "categoryIds": [],
  "fileName": "clock-611619_640.jpg",
  "creatorId": "156431aa-7f0d-4ba8-b277-2542cdbe0db6",
  "rev": "3-9f9292e75cfec46ff715e896318e8b2d",
  "cognitive": {
    "classifications": [
      "wall clock",
      "clock",
      "timepiece",
      "device",
      "analog clock",
      "hour hand",
      "hand",
      "indicator",
      "reddish brown color"
    ],
    "faces": [],
    "colors": {
      "vibrant": "#bf3429",
      "muted": "#946864",
      "darkVibrant": "#601612",
      "darkMuted": "#59342d",
      "lightVibrant": "#e8bc9c",
      "lightMuted": "#cfbfb2"
    },
    "status": "complete"
  },
  "id": "39c993c3-8873-4a08-af63-312d387b0311",
  "resource": "31e8c71147b4fafb766817621b0b0086",
  "fileSize": 50870,
  "status": "ready",
  "lastModifierId": "156431aa-7f0d-4ba8-b277-2542cdbe0db6",
  "renditions": {
    "default": {
      "id": "r=31e8c71147b4fafb766817621b0b0086&a=39c993c3-8873-4a08-af63-312d387b0311",
      "source": "/authoring/v1/resources/31e8c71147b4fafb766817621b0b0086"
    }
  },
  "metadata": {
    "width": 640,
    "height": 426,
    "camera": {
      "make": "Canon",
      "model": "Canon EOS 50D",
      "focalLength": 47,
      "shutterSpeed": "5/2",
      "aperture": 14
    }
  },
  "classification": "asset",
  "created": "2017-05-18T17:10:34.687Z"
}