{
  "mediaType": "image/jpeg",
  "name": "plane-50893_640.jpg",
  "path": "/dxdam/aa/aaa6e535-263b-4e07-9174-54956d6042d9/plane-50893_640.jpg",
  "digest": "mPZBCfkXgA5+ZJWNMQS/tQ==",
  "assetType": "image",
  "lastModified": "2017-05-18T13:31:57.191Z",
  "description": "",
  "tags": {
    "values": [
      "classification:jumbojet",
      "classification:jet plane",
      "classification:airplane",
      "classification:aircraft",
      "classification:craft",
      "classification:vehicle",
      "classification:airliner",
      "classification:jetliner",
      "classification:blue color",
      "user:twin engine",
      "user:under wing engine"
    ],
    "declined": [],
    "suggested": [
      "classification:jumbojet",
      "classification:jet plane",
      "classification:airplane",
      "classification:aircraft",
      "classification:craft",
      "classification:vehicle",
      "classification:airliner",
      "classification:jetliner",
      "classification:blue color"
    ],
    "analysis": "complete"
  },
  "altText": "",
  "categoryIds": [],
  "fileName": "plane-50893_640.jpg",
  "creatorId": "156431aa-7f0d-4ba8-b277-2542cdbe0db6",
  "rev": "3-2858889158ac89bc374744f10d5a27d0",
  "cognitive": {
    "classifications": [
      "jumbojet",
      "jet plane",
      "airplane",
      "aircraft",
      "craft",
      "vehicle",
      "airliner",
      "jetliner",
      "blue color"
    ],
    "faces": [],
    "colors": {
      "vibrant": "#4481e8",
      "muted": "#5f779e",
      "darkVibrant": "#3c5e96",
      "darkMuted": "#303c5c",
      "lightVibrant": "#5493fb",
      "lightMuted": "#b4c4d4"
    },
    "status": "complete"
  },
  "id": "aaa6e535-263b-4e07-9174-54956d6042d9",
  "resource": "b1483607776f014810bdee29de14b900",
  "fileSize": 34409,
  "status": "ready",
  "lastModifierId": "156431aa-7f0d-4ba8-b277-2542cdbe0db6",
  "renditions": {
    "default": {
      "id": "r=b1483607776f014810bdee29de14b900&a=aaa6e535-263b-4e07-9174-54956d6042d9",
      "source": "/authoring/v1/resources/b1483607776f014810bdee29de14b900"
    }
  },
  "metadata": {
    "width": 640,
    "height": 426,
    "camera": {
      "make": "Canon",
      "model": "Canon EOS 7D",
      "focalLength": 400,
      "shutterSpeed": "1/640",
      "iso": 100,
      "aperture": 5.6
    }
  },
  "classification": "asset",
  "created": "2017-05-18T13:30:19.951Z"
}