{
  "mediaType": "image/jpeg",
  "name": "hawker-539490_640.jpg",
  "path": "/dxdam/10/10fd15d6-e44d-4478-8aea-5880b4aa0465/hawker-539490_640.jpg",
  "digest": "aUS5gvTzuVXnrz/86Iz1sw==",
  "assetType": "image",
  "lastModified": "2017-05-18T13:31:57.288Z",
  "description": "",
  "tags": {
    "values": [
      "classification:flying boat",
      "classification:airplane",
      "classification:aircraft",
      "classification:craft",
      "classification:vehicle",
      "classification:amphibious aircraft",
      "classification:propeller plane",
      "classification:gray color",
      "classification:pale yellow color",
      "user:twin engine",
      "user:private",
      "user:tail engine"
    ],
    "declined": [],
    "suggested": [
      "classification:flying boat",
      "classification:airplane",
      "classification:aircraft",
      "classification:craft",
      "classification:vehicle",
      "classification:amphibious aircraft",
      "classification:propeller plane",
      "classification:gray color",
      "classification:pale yellow color"
    ],
    "analysis": "complete"
  },
  "altText": "",
  "categoryIds": [],
  "fileName": "hawker-539490_640.jpg",
  "creatorId": "156431aa-7f0d-4ba8-b277-2542cdbe0db6",
  "rev": "3-572854b9a77c94d0a64ad2d13f0c3fa9",
  "cognitive": {
    "classifications": [
      "flying boat",
      "airplane",
      "aircraft",
      "craft",
      "vehicle",
      "amphibious aircraft",
      "propeller plane",
      "gray color",
      "pale yellow color"
    ],
    "faces": [],
    "colors": {
      "muted": "#727c94",
      "darkMuted": "#3f3a2b",
      "lightVibrant": "#a2b2d4",
      "lightMuted": "#a4accc"
    },
    "status": "complete"
  },
  "id": "10fd15d6-e44d-4478-8aea-5880b4aa0465",
  "resource": "31c067457716b220459c8864f4f660a6",
  "fileSize": 37716,
  "status": "ready",
  "lastModifierId": "156431aa-7f0d-4ba8-b277-2542cdbe0db6",
  "renditions": {
    "default": {
      "id": "r=31c067457716b220459c8864f4f660a6&a=10fd15d6-e44d-4478-8aea-5880b4aa0465",
      "source": "/authoring/v1/resources/31c067457716b220459c8864f4f660a6"
    }
  },
  "metadata": {
    "width": 640,
    "height": 411
  },
  "classification": "asset",
  "created": "2017-05-18T13:30:19.935Z"
}