{
  "mediaType": "image/jpeg",
  "name": "startrails-485598_640.jpg",
  "path": "/dxdam/d6/d6b909ac-91f0-461f-b9b2-8bf446eccf4d/startrails-485598_640.jpg",
  "digest": "6p2ZYDyZlrypLyikrm1dyg==",
  "assetType": "image",
  "lastModified": "2017-05-17T15:45:10.031Z",
  "description": "",
  "tags": {
    "values": [
      "classification:star",
      "media:stars",
      "media:sky",
      "classification:blue color",
      "media:night",
      "classification:sundog (parhelion)"
    ],
    "declined": [],
    "analysis": "complete",
    "suggested": [
      "classification:sundog (parhelion)",
      "classification:blue color",
      "classification:star"
    ]
  },
  "altText": "",
  "categoryIds": [],
  "fileName": "startrails-485598_640.jpg",
  "creatorId": "156431aa-7f0d-4ba8-b277-2542cdbe0db6",
  "rev": "2-217390f4fb1a9db2c6ee7a6ec4ed43e8",
  "cognitive": {
    "classifications": [
      "sundog (parhelion)",
      "blue color",
      "star"
    ],
    "faces": [],
    "colors": {
      "vibrant": "#89433a",
      "muted": "#494c79",
      "darkVibrant": "#122660",
      "darkMuted": "#2c335a"
    },
    "status": "complete"
  },
  "id": "d6b909ac-91f0-461f-b9b2-8bf446eccf4d",
  "resource": "f80004480884a1c5be96f5d77a61bae7",
  "fileSize": 40969,
  "status": "ready",
  "lastModifierId": "156431aa-7f0d-4ba8-b277-2542cdbe0db6",
  "renditions": {
    "default": {
      "id": "r=f80004480884a1c5be96f5d77a61bae7&a=d6b909ac-91f0-461f-b9b2-8bf446eccf4d",
      "source": "/authoring/v1/resources/f80004480884a1c5be96f5d77a61bae7"
    }
  },
  "metadata": {
    "width": 640,
    "height": 346,
    "subject": [
      "night",
      "sky",
      "stars"
    ]
  },
  "classification": "asset",
  "created": "2017-05-17T15:45:07.956Z"
}