{
  "mediaType": "image/jpeg",
  "name": "frankfurt-1804481_640.jpg",
  "path": "/dxdam/f8/f8b603ae-ddae-4c4d-bf45-0d74f696c33d/frankfurt-1804481_640.jpg",
  "digest": "vF4J0B6LgBdEX3MNhMtY3A==",
  "assetType": "image",
  "lastModified": "2017-05-23T15:27:29.646Z",
  "description": "",
  "tags": {
    "values": [
      "classification:city",
      "classification:business district",
      "classification:azure color",
      "user:skyline"
    ],
    "declined": [],
    "suggested": [
      "classification:city",
      "classification:business district",
      "classification:azure color"
    ],
    "analysis": "complete"
  },
  "altText": "",
  "categoryIds": [],
  "fileName": "frankfurt-1804481_640.jpg",
  "creatorId": "156431aa-7f0d-4ba8-b277-2542cdbe0db6",
  "rev": "3-5f0c894b4802ea0952cf562fe0bb36a4",
  "cognitive": {
    "classifications": [
      "city",
      "business district",
      "azure color"
    ],
    "faces": [],
    "colors": {
      "vibrant": "#046ca9",
      "muted": "#5677a4",
      "darkVibrant": "#044c94",
      "darkMuted": "#35281c",
      "lightVibrant": "#eecc89",
      "lightMuted": "#d7b2a5"
    },
    "status": "complete"
  },
  "id": "f8b603ae-ddae-4c4d-bf45-0d74f696c33d",
  "resource": "45f6d6b9c2da251420ab6da783d14d6f",
  "fileSize": 69855,
  "status": "ready",
  "lastModifierId": "156431aa-7f0d-4ba8-b277-2542cdbe0db6",
  "renditions": {
    "default": {
      "id": "r=45f6d6b9c2da251420ab6da783d14d6f&a=f8b603ae-ddae-4c4d-bf45-0d74f696c33d",
      "source": "/authoring/v1/resources/45f6d6b9c2da251420ab6da783d14d6f"
    }
  },
  "metadata": {
    "width": 640,
    "height": 359
  },
  "classification": "asset",
  "created": "2017-05-23T15:26:40.464Z"
}