{
  "mediaType": "image/jpeg",
  "name": "architecture-1836607_640.jpg",
  "path": "/dxdam/43/43a2fd54-fb09-4fd7-b458-5722b562cd84/architecture-1836607_640.jpg",
  "digest": "PF9s5lGWUsmPii/1IT477g==",
  "assetType": "image",
  "lastModified": "2017-05-18T12:16:05.790Z",
  "description": "",
  "tags": {
    "values": [
      "classification:thatch",
      "classification:thatched roof",
      "classification:olive green color",
      "classification:green color",
      "user:house"
    ],
    "declined": [],
    "suggested": [
      "classification:thatch",
      "classification:thatched roof",
      "classification:olive green color",
      "classification:green color"
    ],
    "analysis": "complete"
  },
  "altText": "",
  "categoryIds": [],
  "fileName": "architecture-1836607_640.jpg",
  "creatorId": "156431aa-7f0d-4ba8-b277-2542cdbe0db6",
  "rev": "4-2bbca04245bebc6668d770aa972e069e",
  "cognitive": {
    "classifications": [
      "thatch",
      "thatched roof",
      "olive green color",
      "green color"
    ],
    "faces": [],
    "colors": {
      "vibrant": "#cf873b",
      "muted": "#ae9371",
      "darkVibrant": "#547404",
      "darkMuted": "#6a5444",
      "lightVibrant": "#f4d47c",
      "lightMuted": "#ded2c6"
    },
    "status": "complete"
  },
  "id": "43a2fd54-fb09-4fd7-b458-5722b562cd84",
  "resource": "31c067457716b220459c8864f4eb6785",
  "fileSize": 118773,
  "status": "ready",
  "lastModifierId": "156431aa-7f0d-4ba8-b277-2542cdbe0db6",
  "renditions": {
    "default": {
      "id": "r=31c067457716b220459c8864f4eb6785&a=43a2fd54-fb09-4fd7-b458-5722b562cd84",
      "source": "/authoring/v1/resources/31c067457716b220459c8864f4eb6785"
    }
  },
  "metadata": {
    "width": 640,
    "height": 462,
    "camera": {
      "make": "Canon",
      "model": "Canon EOS 7D",
      "focalLength": 24,
      "shutterSpeed": "1/15",
      "aperture": 5
    }
  },
  "classification": "asset",
  "created": "2017-05-18T12:11:41.126Z"
}