{
  "mediaType": "image/jpeg",
  "name": "house-2252301_640.jpg",
  "path": "/dxdam/f5/f58353c1-a9bb-4c3c-8e36-417a3bc6349e/house-2252301_640.jpg",
  "digest": "jpd1eH/x8z3Er0hOjY1mzQ==",
  "assetType": "image",
  "lastModified": "2017-05-18T12:12:58.726Z",
  "description": "",
  "tags": {
    "values": [
      "classification:gatehouse",
      "classification:building",
      "classification:abbey (monastry like)",
      "classification:religious residence",
      "classification:residence",
      "classification:country house",
      "classification:green color",
      "classification:olive green color",
      "user:stone",
      "user:house"
    ],
    "declined": [],
    "suggested": [
      "classification:gatehouse",
      "classification:building",
      "classification:abbey (monastry like)",
      "classification:religious residence",
      "classification:residence",
      "classification:country house",
      "classification:green color",
      "classification:olive green color"
    ],
    "analysis": "complete"
  },
  "altText": "",
  "categoryIds": [],
  "fileName": "house-2252301_640.jpg",
  "creatorId": "156431aa-7f0d-4ba8-b277-2542cdbe0db6",
  "rev": "5-b43d27f680083bcf05a09a4af27f1938",
  "cognitive": {
    "classifications": [
      "gatehouse",
      "building",
      "abbey (monastry like)",
      "religious residence",
      "residence",
      "country house",
      "green color",
      "olive green color"
    ],
    "faces": [],
    "colors": {
      "vibrant": "#4477fb",
      "muted": "#967958",
      "darkVibrant": "#3f4f12",
      "darkMuted": "#494032",
      "lightVibrant": "#72aafb",
      "lightMuted": "#d0b99f"
    },
    "status": "complete"
  },
  "id": "f58353c1-a9bb-4c3c-8e36-417a3bc6349e",
  "resource": "dd0c157baa945764b9a5f7f331cf6512",
  "fileSize": 104622,
  "status": "ready",
  "lastModifierId": "156431aa-7f0d-4ba8-b277-2542cdbe0db6",
  "renditions": {
    "default": {
      "id": "r=dd0c157baa945764b9a5f7f331cf6512&a=f58353c1-a9bb-4c3c-8e36-417a3bc6349e",
      "source": "/authoring/v1/resources/dd0c157baa945764b9a5f7f331cf6512"
    }
  },
  "metadata": {
    "width": 640,
    "height": 360,
    "camera": {
      "make": "SONY",
      "model": "ILCE-6000",
      "focalLength": 16,
      "shutterSpeed": "1/125",
      "aperture": 11
    }
  },
  "classification": "asset",
  "created": "2017-05-18T12:11:47.827Z"
}