{
  "mediaType": "image/jpeg",
  "name": "aircraft-994943_640.jpg",
  "path": "/dxdam/9c/9c27b9ab-3ab3-4b8f-86e7-89123b228e36/aircraft-994943_640.jpg",
  "digest": "RdQOXhA1Xh6MOIiljG7fWw==",
  "assetType": "image",
  "lastModified": "2017-05-18T13:31:56.988Z",
  "description": "",
  "tags": {
    "values": [
      "classification:jumbojet",
      "classification:jet plane",
      "classification:airplane",
      "classification:aircraft",
      "classification:craft",
      "classification:vehicle",
      "classification:widebody aircraft",
      "classification:airbus (aeroplane)",
      "user:under wing engine",
      "user:commerical"
    ],
    "declined": [],
    "suggested": [
      "classification:jumbojet",
      "classification:jet plane",
      "classification:airplane",
      "classification:aircraft",
      "classification:craft",
      "classification:vehicle",
      "classification:widebody aircraft",
      "classification:airbus (aeroplane)"
    ],
    "analysis": "complete"
  },
  "altText": "",
  "categoryIds": [],
  "fileName": "aircraft-994943_640.jpg",
  "creatorId": "156431aa-7f0d-4ba8-b277-2542cdbe0db6",
  "rev": "3-071be7a9b355e6edf4b4647d17f03ae5",
  "cognitive": {
    "classifications": [
      "jumbojet",
      "jet plane",
      "airplane",
      "aircraft",
      "craft",
      "vehicle",
      "widebody aircraft",
      "airbus (aeroplane)"
    ],
    "faces": [],
    "colors": {
      "vibrant": "#b1864d",
      "muted": "#94a4b2",
      "darkVibrant": "#644c2c",
      "darkMuted": "#645434",
      "lightMuted": "#b9bec3"
    },
    "status": "complete"
  },
  "id": "9c27b9ab-3ab3-4b8f-86e7-89123b228e36",
  "resource": "31c067457716b220459c8864f4f66a95",
  "fileSize": 66122,
  "status": "ready",
  "lastModifierId": "156431aa-7f0d-4ba8-b277-2542cdbe0db6",
  "renditions": {
    "default": {
      "id": "r=31c067457716b220459c8864f4f66a95&a=9c27b9ab-3ab3-4b8f-86e7-89123b228e36",
      "source": "/authoring/v1/resources/31c067457716b220459c8864f4f66a95"
    }
  },
  "metadata": {
    "width": 640,
    "height": 351,
    "camera": {
      "make": "SONY",
      "model": "SLT-A77V",
      "focalLength": 150,
      "shutterSpeed": "1/1000",
      "aperture": 5.6
    }
  },
  "classification": "asset",
  "created": "2017-05-18T13:30:20.088Z"
}