{
  "mediaType": "image/jpeg",
  "name": "pocket-watch-2031021_640.jpg",
  "path": "/dxdam/f4/f48e2c4e-b02d-416a-8176-48b493dc5503/pocket-watch-2031021_640.jpg",
  "digest": "JwWZm01Vr9rw7AnoSA2ing==",
  "assetType": "image",
  "lastModified": "2017-05-18T17:15:13.772Z",
  "description": "",
  "tags": {
    "values": [
      "classification:pocket watch",
      "classification:watch",
      "classification:timepiece",
      "classification:device",
      "classification:locket",
      "classification:ash grey color",
      "classification:coal black color"
    ],
    "declined": [],
    "suggested": [
      "classification:pocket watch",
      "classification:watch",
      "classification:timepiece",
      "classification:device",
      "classification:locket",
      "classification:ash grey color",
      "classification:coal black color"
    ],
    "analysis": "complete"
  },
  "altText": "",
  "categoryIds": [],
  "fileName": "pocket-watch-2031021_640.jpg",
  "creatorId": "156431aa-7f0d-4ba8-b277-2542cdbe0db6",
  "rev": "3-3fe3b3dc6d9f729f03e5a1f69a8ea7d7",
  "cognitive": {
    "classifications": [
      "pocket watch",
      "watch",
      "timepiece",
      "device",
      "locket",
      "ash grey color",
      "coal black color"
    ],
    "faces": [],
    "colors": {
      "vibrant": "#b65f48",
      "muted": "#647c8d",
      "darkVibrant": "#281510",
      "darkMuted": "#34444c",
      "lightMuted": "#acc4c8"
    },
    "status": "complete"
  },
  "id": "f48e2c4e-b02d-416a-8176-48b493dc5503",
  "resource": "31e8c71147b4fafb766817621b0b48ff",
  "fileSize": 22698,
  "status": "ready",
  "lastModifierId": "156431aa-7f0d-4ba8-b277-2542cdbe0db6",
  "renditions": {
    "default": {
      "id": "r=31e8c71147b4fafb766817621b0b48ff&a=f48e2c4e-b02d-416a-8176-48b493dc5503",
      "source": "/authoring/v1/resources/31e8c71147b4fafb766817621b0b48ff"
    }
  },
  "metadata": {
    "width": 640,
    "height": 360
  },
  "classification": "asset",
  "created": "2017-05-18T17:14:56.769Z"
}