{
  "mediaType": "image/jpeg",
  "name": "tree-402953_640.jpg",
  "path": "/dxdam/d9/d96888c1-21eb-4702-ac13-5e45f634f788/tree-402953_640.jpg",
  "digest": "xmsTSXvJOBdvOxwHYy2fYw==",
  "assetType": "image",
  "lastModified": "2017-05-18T17:16:48.097Z",
  "description": "",
  "tags": {
    "values": [
      "classification:weald",
      "classification:grassland",
      "classification:alpine ash",
      "classification:eucalyptus",
      "classification:tree",
      "classification:plant",
      "classification:plain",
      "classification:green color"
    ],
    "declined": [],
    "suggested": [
      "classification:weald",
      "classification:grassland",
      "classification:alpine ash",
      "classification:eucalyptus",
      "classification:tree",
      "classification:plant",
      "classification:plain",
      "classification:green color"
    ],
    "analysis": "complete"
  },
  "altText": "",
  "categoryIds": [],
  "fileName": "tree-402953_640.jpg",
  "creatorId": "156431aa-7f0d-4ba8-b277-2542cdbe0db6",
  "rev": "3-35edecb2d90c9b9e6e7e05ab45389fcc",
  "cognitive": {
    "classifications": [
      "weald",
      "grassland",
      "alpine ash",
      "eucalyptus",
      "tree",
      "plant",
      "plain",
      "green color"
    ],
    "faces": [],
    "colors": {
      "vibrant": "#c1da4a",
      "muted": "#607fa8",
      "darkVibrant": "#486720",
      "darkMuted": "#3f4f2f",
      "lightVibrant": "#e4f35d",
      "lightMuted": "#a6b6ce"
    },
    "status": "complete"
  },
  "id": "d96888c1-21eb-4702-ac13-5e45f634f788",
  "resource": "dd0c157baa945764b9a5f7f331f0f98c",
  "fileSize": 120742,
  "status": "ready",
  "lastModifierId": "156431aa-7f0d-4ba8-b277-2542cdbe0db6",
  "renditions": {
    "default": {
      "id": "r=dd0c157baa945764b9a5f7f331f0f98c&a=d96888c1-21eb-4702-ac13-5e45f634f788",
      "source": "/authoring/v1/resources/dd0c157baa945764b9a5f7f331f0f98c"
    }
  },
  "metadata": {
    "width": 640,
    "height": 422,
    "camera": {
      "make": "NIKON CORPORATION",
      "model": "NIKON D7000",
      "focalLength": 35,
      "shutterSpeed": "1/125",
      "iso": 100,
      "aperture": 7.1
    }
  },
  "classification": "asset",
  "created": "2017-05-18T17:16:38.514Z"
}