{
  "mediaType": "image/jpeg",
  "name": "buildings-2297210_640.jpg",
  "path": "/dxdam/57/578458d7-d0ec-4fe7-b431-bb445bbe126d/buildings-2297210_640.jpg",
  "digest": "ssiKAhnu8eIlToVj5B+jTw==",
  "assetType": "image",
  "lastModified": "2017-05-17T15:45:07.161Z",
  "description": "",
  "tags": {
    "values": [
      "media:skyline",
      "classification:azure color",
      "media:reflection",
      "media:city",
      "classification:business district",
      "classification:blue color",
      "media:water",
      "classification:city",
      "media:night",
      "classification:waterfront"
    ],
    "declined": [],
    "analysis": "complete",
    "suggested": [
      "classification:business district",
      "classification:waterfront",
      "classification:city",
      "classification:blue color",
      "classification:azure color"
    ]
  },
  "altText": "",
  "categoryIds": [],
  "fileName": "buildings-2297210_640.jpg",
  "creatorId": "156431aa-7f0d-4ba8-b277-2542cdbe0db6",
  "rev": "2-3a388be89cec73fce8bf2c97987cdab8",
  "cognitive": {
    "classifications": [
      "business district",
      "waterfront",
      "city",
      "blue color",
      "azure color"
    ],
    "faces": [],
    "colors": {
      "vibrant": "#0e4f94",
      "muted": "#a4764d",
      "darkVibrant": "#044081",
      "darkMuted": "#403334",
      "lightVibrant": "#dbc984",
      "lightMuted": "#b6c2c7"
    },
    "status": "complete"
  },
  "id": "578458d7-d0ec-4fe7-b431-bb445bbe126d",
  "resource": "1836e3de23ff72df622fb4bee1d9d2f4",
  "fileSize": 73502,
  "status": "ready",
  "lastModifierId": "156431aa-7f0d-4ba8-b277-2542cdbe0db6",
  "renditions": {
    "default": {
      "id": "r=1836e3de23ff72df622fb4bee1d9d2f4&a=578458d7-d0ec-4fe7-b431-bb445bbe126d",
      "source": "/authoring/v1/resources/1836e3de23ff72df622fb4bee1d9d2f4"
    }
  },
  "metadata": {
    "width": 640,
    "height": 406,
    "camera": {
      "make": "NIKON CORPORATION",
      "model": "NIKON D600",
      "focalLength": 45,
      "shutterSpeed": "13",
      "aperture": 8
    },
    "subject": [
      "city",
      "skyline",
      "night",
      "water",
      "reflection"
    ]
  },
  "classification": "asset",
  "created": "2017-05-17T15:45:02.205Z"
}