{
  "mediaType": "image/jpeg",
  "name": "natural-1641791_640.jpg",
  "path": "/dxdam/7d/7d39c3d3-2f59-4e41-8df4-6e577a4bbacc/natural-1641791_640.jpg",
  "digest": "OH3WBej2baCEGAKnWhfiXw==",
  "assetType": "image",
  "lastModified": "2017-05-17T15:45:04.762Z",
  "description": "",
  "tags": {
    "values": [
      "media:sand",
      "classification:bar",
      "classification:sandbar",
      "classification:ridge",
      "media:plams",
      "classification:seashore",
      "classification:nature",
      "media:sky",
      "classification:sea green color",
      "media:blue",
      "classification:blue color",
      "classification:shore",
      "classification:beach",
      "classification:seaside",
      "classification:strand",
      "media:water",
      "media:vacation",
      "media:beach"
    ],
    "declined": [],
    "analysis": "complete",
    "suggested": [
      "classification:strand",
      "classification:shore",
      "classification:nature",
      "classification:beach",
      "classification:sandbar",
      "classification:bar",
      "classification:ridge",
      "classification:seaside",
      "classification:seashore",
      "classification:blue color",
      "classification:sea green color"
    ]
  },
  "altText": "",
  "categoryIds": [],
  "fileName": "natural-1641791_640.jpg",
  "creatorId": "156431aa-7f0d-4ba8-b277-2542cdbe0db6",
  "rev": "2-9ad6a94894b30945ec5a5b88e262b1c9",
  "cognitive": {
    "classifications": [
      "strand",
      "shore",
      "nature",
      "beach",
      "sandbar",
      "bar",
      "ridge",
      "seaside",
      "seashore",
      "blue color",
      "sea green color"
    ],
    "faces": [],
    "colors": {
      "vibrant": "#2d7edf",
      "muted": "#637c9c",
      "darkVibrant": "#16536b",
      "darkMuted": "#2b494f",
      "lightMuted": "#c4b49c"
    },
    "status": "complete"
  },
  "id": "7d39c3d3-2f59-4e41-8df4-6e577a4bbacc",
  "resource": "abfeba0305abc10c47c1cd3ecac81167",
  "fileSize": 57873,
  "status": "ready",
  "lastModifierId": "156431aa-7f0d-4ba8-b277-2542cdbe0db6",
  "renditions": {
    "default": {
      "id": "r=abfeba0305abc10c47c1cd3ecac81167&a=7d39c3d3-2f59-4e41-8df4-6e577a4bbacc",
      "source": "/authoring/v1/resources/abfeba0305abc10c47c1cd3ecac81167"
    }
  },
  "metadata": {
    "width": 640,
    "height": 401,
    "camera": {
      "make": "Canon",
      "model": "Canon EOS 50D",
      "focalLength": 11,
      "shutterSpeed": "1/320",
      "aperture": 11
    },
    "subject": [
      "beach",
      "water",
      "sand",
      "blue",
      "sky",
      "plams",
      "vacation"
    ]
  },
  "classification": "asset",
  "created": "2017-05-17T15:45:02.382Z"
}