{
  "mediaType": "image/jpeg",
  "name": "volkswagen-1509784_640.jpg",
  "path": "/dxdam/4f/4fc14827-40b8-4640-b65c-cb9ac79492d5/volkswagen-1509784_640.jpg",
  "digest": "DEblPlZhBMD6bgytFRuiHA==",
  "assetType": "image",
  "lastModified": "2017-05-17T15:45:03.880Z",
  "description": "",
  "tags": {
    "values": [
      "classification:blue color",
      "classification:vehicle",
      "classification:motor vehicle",
      "classification:sedan",
      "classification:car",
      "classification:coupe car"
    ],
    "declined": [],
    "analysis": "complete",
    "suggested": [
      "classification:coupe car",
      "classification:car",
      "classification:vehicle",
      "classification:sedan",
      "classification:motor vehicle",
      "classification:blue color"
    ]
  },
  "altText": "",
  "categoryIds": [],
  "fileName": "volkswagen-1509784_640.jpg",
  "creatorId": "156431aa-7f0d-4ba8-b277-2542cdbe0db6",
  "rev": "2-006c7ac2037b2e10e4dbad983106cb8b",
  "cognitive": {
    "classifications": [
      "coupe car",
      "car",
      "vehicle",
      "sedan",
      "motor vehicle",
      "blue color"
    ],
    "faces": [],
    "colors": {
      "vibrant": "#2c5ca4",
      "muted": "#6486ac",
      "darkVibrant": "#14346c",
      "darkMuted": "#2f3d55",
      "lightVibrant": "#e5cca4",
      "lightMuted": "#bcd0e1"
    },
    "status": "complete"
  },
  "id": "4fc14827-40b8-4640-b65c-cb9ac79492d5",
  "resource": "5f2c35c6fe66ae868c3561099df0c3f4",
  "fileSize": 68178,
  "status": "ready",
  "lastModifierId": "156431aa-7f0d-4ba8-b277-2542cdbe0db6",
  "renditions": {
    "default": {
      "id": "r=5f2c35c6fe66ae868c3561099df0c3f4&a=4fc14827-40b8-4640-b65c-cb9ac79492d5",
      "source": "/authoring/v1/resources/5f2c35c6fe66ae868c3561099df0c3f4"
    }
  },
  "metadata": {
    "width": 640,
    "height": 426
  },
  "classification": "asset",
  "created": "2017-05-17T15:44:58.598Z"
}