{
  "mediaType": "image/jpeg",
  "name": "green-872866_640.jpg",
  "path": "/dxdam/3a/3a58c70d-91f3-4f2e-88d4-ad11ce9f4a96/green-872866_640.jpg",
  "digest": "pPotgY9zshpXcU8Da/GWLw==",
  "assetType": "image",
  "lastModified": "2017-05-17T15:48:33.131Z",
  "description": "",
  "tags": {
    "values": [
      "classification:food product",
      "classification:Italian parsley",
      "classification:green color",
      "classification:tree",
      "classification:food",
      "classification:palmate leaf",
      "media:nature",
      "media:green",
      "classification:maple",
      "classification:parsley",
      "classification:plant",
      "classification:vine maple",
      "classification:herb",
      "media:leaf"
    ],
    "declined": [],
    "analysis": "complete",
    "suggested": [
      "classification:vine maple",
      "classification:maple",
      "classification:tree",
      "classification:plant",
      "classification:palmate leaf",
      "classification:parsley",
      "classification:herb",
      "classification:food product",
      "classification:food",
      "classification:Italian parsley",
      "classification:green color"
    ]
  },
  "altText": "",
  "categoryIds": [],
  "fileName": "green-872866_640.jpg",
  "creatorId": "156431aa-7f0d-4ba8-b277-2542cdbe0db6",
  "rev": "2-7e9b102d83ae83495790d7d0d126d1ab",
  "cognitive": {
    "classifications": [
      "vine maple",
      "maple",
      "tree",
      "plant",
      "palmate leaf",
      "parsley",
      "herb",
      "food product",
      "food",
      "Italian parsley",
      "green color"
    ],
    "faces": [],
    "colors": {
      "vibrant": "#43bd06",
      "muted": "#54844c",
      "darkVibrant": "#078004",
      "darkMuted": "#444c3c"
    },
    "status": "complete"
  },
  "id": "3a58c70d-91f3-4f2e-88d4-ad11ce9f4a96",
  "resource": "abfeba0305abc10c47c1cd3ecac7d9ed",
  "fileSize": 117892,
  "status": "ready",
  "lastModifierId": "156431aa-7f0d-4ba8-b277-2542cdbe0db6",
  "renditions": {
    "default": {
      "id": "r=abfeba0305abc10c47c1cd3ecac7d9ed&a=3a58c70d-91f3-4f2e-88d4-ad11ce9f4a96",
      "source": "/authoring/v1/resources/abfeba0305abc10c47c1cd3ecac7d9ed"
    }
  },
  "metadata": {
    "width": 640,
    "height": 423,
    "camera": {
      "make": "NIKON CORPORATION",
      "model": "NIKON D7000",
      "focalLength": 35,
      "shutterSpeed": "1/250",
      "aperture": 2
    },
    "subject": [
      "leaf",
      "green",
      "nature"
    ]
  },
  "classification": "asset",
  "created": "2017-05-17T15:48:29.506Z"
}