{
  "mediaType": "image/jpeg",
  "name": "vehicle-2132360_640.jpg",
  "path": "/dxdam/82/825c53bd-328e-4eda-8a6e-e4501bf67281/vehicle-2132360_640.jpg",
  "digest": "p776HACiKVQMSXVIuf8YWA==",
  "assetType": "image",
  "lastModified": "2017-05-18T12:38:30.571Z",
  "description": "",
  "tags": {
    "values": [
      "classification:rumble (of early car)",
      "classification:seat",
      "classification:support",
      "classification:device",
      "classification:Model T  car",
      "classification:car",
      "classification:vehicle",
      "classification:rumble seat (of early car)",
      "classification:pink color",
      "classification:maroon color",
      "user:vintage"
    ],
    "declined": [],
    "suggested": [
      "classification:rumble (of early car)",
      "classification:seat",
      "classification:support",
      "classification:device",
      "classification:Model T  car",
      "classification:car",
      "classification:vehicle",
      "classification:rumble seat (of early car)",
      "classification:pink color",
      "classification:maroon color"
    ],
    "analysis": "complete"
  },
  "altText": "",
  "categoryIds": [],
  "fileName": "vehicle-2132360_640.jpg",
  "creatorId": "156431aa-7f0d-4ba8-b277-2542cdbe0db6",
  "rev": "3-a45170ee610560113e0fcdd822351d08",
  "cognitive": {
    "classifications": [
      "rumble (of early car)",
      "seat",
      "support",
      "device",
      "Model T  car",
      "car",
      "vehicle",
      "rumble seat (of early car)",
      "pink color",
      "maroon color"
    ],
    "faces": [],
    "colors": {
      "vibrant": "#e2b63e",
      "muted": "#b0905c",
      "darkVibrant": "#740c14",
      "darkMuted": "#412e1d",
      "lightVibrant": "#f4e487",
      "lightMuted": "#a4b4cc"
    },
    "status": "complete"
  },
  "id": "825c53bd-328e-4eda-8a6e-e4501bf67281",
  "resource": "9a4dde410f6958026213cdbb23a81a1c",
  "fileSize": 82273,
  "status": "ready",
  "lastModifierId": "156431aa-7f0d-4ba8-b277-2542cdbe0db6",
  "renditions": {
    "default": {
      "id": "r=9a4dde410f6958026213cdbb23a81a1c&a=825c53bd-328e-4eda-8a6e-e4501bf67281",
      "source": "/authoring/v1/resources/9a4dde410f6958026213cdbb23a81a1c"
    }
  },
  "metadata": {
    "width": 640,
    "height": 407,
    "camera": {
      "make": "Canon",
      "model": "Canon EOS 5D Mark III",
      "focalLength": 60,
      "shutterSpeed": "1/250",
      "aperture": 7.1
    }
  },
  "classification": "asset",
  "created": "2017-05-18T12:36:45.223Z"
}