{
  "mediaType": "image/jpeg",
  "name": "meadow-2184989_640.jpg",
  "path": "/dxdam/b7/b7d5416e-24a3-4290-bd66-db1e12043aa7/meadow-2184989_640.jpg",
  "digest": "labWXO6GVBEcPzqxe7k/DQ==",
  "assetType": "image",
  "lastModified": "2017-05-17T15:45:05.671Z",
  "description": "",
  "tags": {
    "values": [
      "classification:food product",
      "classification:green color",
      "classification:grass",
      "classification:rye grass",
      "classification:rice",
      "classification:food",
      "media:nature",
      "media:green",
      "classification:paddy",
      "classification:grain",
      "classification:plant",
      "classification:grama",
      "media:grass",
      "classification:herb"
    ],
    "declined": [],
    "analysis": "complete",
    "suggested": [
      "classification:paddy",
      "classification:rice",
      "classification:grain",
      "classification:food product",
      "classification:food",
      "classification:rye grass",
      "classification:grass",
      "classification:herb",
      "classification:plant",
      "classification:grama",
      "classification:green color"
    ]
  },
  "altText": "",
  "categoryIds": [],
  "fileName": "meadow-2184989_640.jpg",
  "creatorId": "156431aa-7f0d-4ba8-b277-2542cdbe0db6",
  "rev": "2-e01e69b45a63d838ad06239da23ea9b9",
  "cognitive": {
    "classifications": [
      "paddy",
      "rice",
      "grain",
      "food product",
      "food",
      "rye grass",
      "grass",
      "herb",
      "plant",
      "grama",
      "green color"
    ],
    "faces": [],
    "colors": {
      "vibrant": "#75b40b",
      "muted": "#90b668",
      "darkVibrant": "#3d6b13",
      "darkMuted": "#44652e",
      "lightVibrant": "#c5daa5",
      "lightMuted": "#a5bc9c"
    },
    "status": "complete"
  },
  "id": "b7d5416e-24a3-4290-bd66-db1e12043aa7",
  "resource": "29feec5ffc1caf1ee04570386aa0b9ee",
  "fileSize": 182111,
  "status": "ready",
  "lastModifierId": "156431aa-7f0d-4ba8-b277-2542cdbe0db6",
  "renditions": {
    "default": {
      "id": "r=29feec5ffc1caf1ee04570386aa0b9ee&a=b7d5416e-24a3-4290-bd66-db1e12043aa7",
      "source": "/authoring/v1/resources/29feec5ffc1caf1ee04570386aa0b9ee"
    }
  },
  "metadata": {
    "width": 640,
    "height": 426,
    "camera": {
      "make": "NIKON CORPORATION",
      "model": "NIKON D7200",
      "focalLength": 70,
      "shutterSpeed": "1/1250",
      "aperture": 5
    },
    "subject": [
      "grass",
      "nature",
      "green"
    ]
  },
  "classification": "asset",
  "created": "2017-05-17T15:45:00.067Z"
}