{
  "mediaType": "image/jpeg",
  "name": "plymouth-796441_640.jpg",
  "path": "/dxdam/25/25a5f7d5-2601-4a58-b423-284df2c78343/plymouth-796441_640.jpg",
  "digest": "VKSBIPKBb3paoKUMHvN4JQ==",
  "assetType": "image",
  "lastModified": "2017-05-18T12:38:28.560Z",
  "description": "",
  "tags": {
    "values": [
      "classification:convertible car",
      "classification:car",
      "classification:vehicle",
      "classification:steel blue color",
      "user:classic"
    ],
    "declined": [],
    "suggested": [
      "classification:convertible car",
      "classification:car",
      "classification:vehicle",
      "classification:steel blue color"
    ],
    "analysis": "complete"
  },
  "altText": "",
  "categoryIds": [],
  "fileName": "plymouth-796441_640.jpg",
  "creatorId": "156431aa-7f0d-4ba8-b277-2542cdbe0db6",
  "rev": "3-47d2598a8dca0205b71214d8f0e91777",
  "cognitive": {
    "classifications": [
      "convertible car",
      "car",
      "vehicle",
      "steel blue color"
    ],
    "faces": [],
    "colors": {
      "vibrant": "#4687a1",
      "muted": "#6695a7",
      "darkVibrant": "#196180",
      "darkMuted": "#51392e",
      "lightVibrant": "#e7d0a7",
      "lightMuted": "#cbc0a3"
    },
    "status": "complete"
  },
  "id": "25a5f7d5-2601-4a58-b423-284df2c78343",
  "resource": "44dfe26f8e056f3f3b4216616d3d9849",
  "fileSize": 84786,
  "status": "ready",
  "lastModifierId": "156431aa-7f0d-4ba8-b277-2542cdbe0db6",
  "renditions": {
    "default": {
      "id": "r=44dfe26f8e056f3f3b4216616d3d9849&a=25a5f7d5-2601-4a58-b423-284df2c78343",
      "source": "/authoring/v1/resources/44dfe26f8e056f3f3b4216616d3d9849"
    }
  },
  "metadata": {
    "width": 640,
    "height": 360
  },
  "classification": "asset",
  "created": "2017-05-18T12:36:42.659Z"
}