{
  "mediaType": "image/jpeg",
  "name": "sky-383823_640.jpg",
  "path": "/dxdam/3d/3d2a4a45-b52c-45b6-bc70-7e09b183a98d/sky-383823_640.jpg",
  "digest": "OvNPFYVgr0bNSVjM2IFHPw==",
  "assetType": "image",
  "lastModified": "2017-05-17T15:45:04.842Z",
  "description": "",
  "tags": {
    "values": [
      "classification:sky",
      "classification:azure color",
      "media:sky",
      "classification:cloud",
      "media:white",
      "media:blue",
      "classification:blue color",
      "media:clouds"
    ],
    "declined": [],
    "analysis": "complete",
    "suggested": [
      "classification:azure color",
      "classification:blue color",
      "classification:cloud",
      "classification:sky"
    ]
  },
  "altText": "",
  "categoryIds": [],
  "fileName": "sky-383823_640.jpg",
  "creatorId": "156431aa-7f0d-4ba8-b277-2542cdbe0db6",
  "rev": "2-aef01e6e1d3af7fb90cccafbaaef4aa4",
  "cognitive": {
    "classifications": [
      "azure color",
      "blue color",
      "cloud",
      "sky"
    ],
    "faces": [],
    "colors": {
      "vibrant": "#2b5cb0",
      "muted": "#7892b4",
      "darkVibrant": "#14338d",
      "lightVibrant": "#84a4d4",
      "lightMuted": "#a8b1c7"
    },
    "status": "complete"
  },
  "id": "3d2a4a45-b52c-45b6-bc70-7e09b183a98d",
  "resource": "53314739f667b1d8283d844d577f8a24",
  "fileSize": 50071,
  "status": "ready",
  "lastModifierId": "156431aa-7f0d-4ba8-b277-2542cdbe0db6",
  "renditions": {
    "default": {
      "id": "r=53314739f667b1d8283d844d577f8a24&a=3d2a4a45-b52c-45b6-bc70-7e09b183a98d",
      "source": "/authoring/v1/resources/53314739f667b1d8283d844d577f8a24"
    }
  },
  "metadata": {
    "width": 640,
    "height": 426,
    "subject": [
      "clouds",
      "sky",
      "blue",
      "white"
    ]
  },
  "classification": "asset",
  "created": "2017-05-17T15:44:58.786Z"
}