{
  "mediaType": "image/jpeg",
  "name": "sand-289225_640.jpg",
  "path": "/dxdam/82/82bb4314-79dc-44c4-a2bb-15ba803a73c6/sand-289225_640.jpg",
  "digest": "GZ/wq/teV7svcdm6u4WDSA==",
  "assetType": "image",
  "lastModified": "2017-05-17T15:45:05.561Z",
  "description": "",
  "tags": {
    "values": [
      "media:sand",
      "classification:microorganism",
      "classification:paramecium (organism)",
      "media:feet",
      "classification:ivory color",
      "classification:spoor",
      "classification:gray color"
    ],
    "declined": [],
    "analysis": "complete",
    "suggested": [
      "classification:spoor",
      "classification:paramecium (organism)",
      "classification:microorganism",
      "classification:ivory color",
      "classification:gray color"
    ]
  },
  "altText": "",
  "categoryIds": [],
  "fileName": "sand-289225_640.jpg",
  "creatorId": "156431aa-7f0d-4ba8-b277-2542cdbe0db6",
  "rev": "2-3e81f7b1c6fb238e0bae2696b32a9a21",
  "cognitive": {
    "classifications": [
      "spoor",
      "paramecium (organism)",
      "microorganism",
      "ivory color",
      "gray color"
    ],
    "faces": [],
    "colors": {
      "muted": "#9c9493",
      "darkMuted": "#30323e",
      "lightMuted": "#c4b4b3"
    },
    "status": "complete"
  },
  "id": "82bb4314-79dc-44c4-a2bb-15ba803a73c6",
  "resource": "4a83ad18001ae3f0f5c547504dff64b4",
  "fileSize": 142586,
  "status": "ready",
  "lastModifierId": "156431aa-7f0d-4ba8-b277-2542cdbe0db6",
  "renditions": {
    "default": {
      "id": "r=4a83ad18001ae3f0f5c547504dff64b4&a=82bb4314-79dc-44c4-a2bb-15ba803a73c6",
      "source": "/authoring/v1/resources/4a83ad18001ae3f0f5c547504dff64b4"
    }
  },
  "metadata": {
    "width": 640,
    "height": 480,
    "camera": {
      "make": "Canon",
      "model": "Canon PowerShot A95",
      "focalLength": 19,
      "shutterSpeed": "1/500",
      "aperture": 6.3
    },
    "subject": [
      "sand",
      "feet"
    ]
  },
  "classification": "asset",
  "created": "2017-05-17T15:45:02.814Z"
}