{
  "mediaType": "image/jpeg",
  "name": "ship-1578528_640.jpg",
  "path": "/dxdam/05/05837316-cc52-4548-92d5-1ff628f392f3/ship-1578528_640.jpg",
  "digest": "b3R31tm4eE4GzWmCkoNLmA==",
  "assetType": "image",
  "lastModified": "2017-05-17T15:45:03.038Z",
  "description": "",
  "tags": {
    "values": [
      "classification:passenger ship",
      "classification:traveler",
      "classification:platform",
      "classification:hurricane deck",
      "classification:ship",
      "classification:watercraft",
      "classification:ivory color",
      "classification:vehicle",
      "classification:sister ship",
      "media:ship",
      "classification:ocean liner",
      "classification:person",
      "classification:craft",
      "media:vacation",
      "media:cruse",
      "classification:voyager"
    ],
    "declined": [],
    "analysis": "complete",
    "suggested": [
      "classification:voyager",
      "classification:traveler",
      "classification:person",
      "classification:passenger ship",
      "classification:ship",
      "classification:watercraft",
      "classification:craft",
      "classification:vehicle",
      "classification:hurricane deck",
      "classification:platform",
      "classification:sister ship",
      "classification:ocean liner",
      "classification:ivory color"
    ]
  },
  "altText": "",
  "categoryIds": [],
  "fileName": "ship-1578528_640.jpg",
  "creatorId": "156431aa-7f0d-4ba8-b277-2542cdbe0db6",
  "rev": "2-35dee13c5a400331865ca252f688308d",
  "cognitive": {
    "classifications": [
      "voyager",
      "traveler",
      "person",
      "passenger ship",
      "ship",
      "watercraft",
      "craft",
      "vehicle",
      "hurricane deck",
      "platform",
      "sister ship",
      "ocean liner",
      "ivory color"
    ],
    "faces": [],
    "colors": {
      "vibrant": "#527fac",
      "muted": "#718aa3",
      "darkVibrant": "#2c445c",
      "darkMuted": "#455665",
      "lightMuted": "#acbac8"
    },
    "status": "complete"
  },
  "id": "05837316-cc52-4548-92d5-1ff628f392f3",
  "resource": "46e45b72d417fe729103853e08249014",
  "fileSize": 85123,
  "status": "ready",
  "lastModifierId": "156431aa-7f0d-4ba8-b277-2542cdbe0db6",
  "renditions": {
    "default": {
      "id": "r=46e45b72d417fe729103853e08249014&a=05837316-cc52-4548-92d5-1ff628f392f3",
      "source": "/authoring/v1/resources/46e45b72d417fe729103853e08249014"
    }
  },
  "metadata": {
    "width": 640,
    "height": 425,
    "camera": {
      "make": "NIKON CORPORATION",
      "model": "NIKON D3S",
      "focalLength": 230,
      "shutterSpeed": "1/1000",
      "aperture": 6.3
    },
    "subject": [
      "ship",
      "cruse",
      "vacation"
    ]
  },
  "classification": "asset",
  "created": "2017-05-17T15:44:26.686Z"
}