{
  "mediaType": "image/jpeg",
  "name": "clock-651111_640.jpg",
  "path": "/dxdam/7a/7aa45a9d-f409-4ef1-b93c-74cb101cecee/clock-651111_640.jpg",
  "digest": "cIeEo7srTh8BgXqI/lhtxA==",
  "assetType": "image",
  "lastModified": "2017-05-17T15:44:24.232Z",
  "description": "",
  "tags": {
    "values": [
      "classification:timepiece",
      "classification:steel blue color",
      "classification:clock",
      "classification:device",
      "classification:alarm clock"
    ],
    "declined": [],
    "analysis": "complete",
    "suggested": [
      "classification:alarm clock",
      "classification:clock",
      "classification:timepiece",
      "classification:device",
      "classification:steel blue color"
    ]
  },
  "altText": "",
  "categoryIds": [],
  "fileName": "clock-651111_640.jpg",
  "creatorId": "156431aa-7f0d-4ba8-b277-2542cdbe0db6",
  "rev": "2-e0814c87aa826943818538b7ebdac612",
  "cognitive": {
    "classifications": [
      "alarm clock",
      "clock",
      "timepiece",
      "device",
      "steel blue color"
    ],
    "faces": [],
    "colors": {
      "vibrant": "#bf3f5f",
      "muted": "#845c64",
      "darkVibrant": "#0c0406",
      "darkMuted": "#463b34",
      "lightMuted": "#c3c2c6"
    },
    "status": "complete"
  },
  "id": "7aa45a9d-f409-4ef1-b93c-74cb101cecee",
  "resource": "72a2eb0a5f325481237b016dd8604bb1",
  "fileSize": 37508,
  "status": "ready",
  "lastModifierId": "156431aa-7f0d-4ba8-b277-2542cdbe0db6",
  "renditions": {
    "default": {
      "id": "r=72a2eb0a5f325481237b016dd8604bb1&a=7aa45a9d-f409-4ef1-b93c-74cb101cecee",
      "source": "/authoring/v1/resources/72a2eb0a5f325481237b016dd8604bb1"
    }
  },
  "metadata": {
    "width": 640,
    "height": 426,
    "camera": {
      "make": "Canon",
      "model": "Canon EOS 600D",
      "focalLength": 90,
      "shutterSpeed": "3/5",
      "aperture": 9
    }
  },
  "classification": "asset",
  "created": "2017-05-17T15:44:22.101Z"
}