{
  "mediaType": "image/jpeg",
  "name": "aeroplane-1867209_640.jpg",
  "path": "/dxdam/3e/3efcbf8e-c8b8-48af-aab9-4a7fee3029e0/aeroplane-1867209_640.jpg",
  "digest": "wXuE3bmJxiOMGAUuf+NMEA==",
  "assetType": "image",
  "lastModified": "2017-05-18T13:31:57.410Z",
  "description": "",
  "tags": {
    "values": [
      "classification:airliner",
      "classification:airplane",
      "classification:aircraft",
      "classification:craft",
      "classification:vehicle",
      "classification:horizontal stabilizer",
      "classification:aerofoil (aeroplane)",
      "classification:device",
      "classification:jetliner",
      "classification:jet plane",
      "classification:jumbojet",
      "classification:coal black color",
      "user:twin engine",
      "user:under wing engine",
      "user:commerical"
    ],
    "declined": [],
    "suggested": [
      "classification:airliner",
      "classification:airplane",
      "classification:aircraft",
      "classification:craft",
      "classification:vehicle",
      "classification:horizontal stabilizer",
      "classification:aerofoil (aeroplane)",
      "classification:device",
      "classification:jetliner",
      "classification:jet plane",
      "classification:jumbojet",
      "classification:coal black color"
    ],
    "analysis": "complete"
  },
  "altText": "",
  "categoryIds": [],
  "fileName": "aeroplane-1867209_640.jpg",
  "creatorId": "156431aa-7f0d-4ba8-b277-2542cdbe0db6",
  "rev": "3-4bcb6e3ee39b626b6c613e62e5f1f49e",
  "cognitive": {
    "classifications": [
      "airliner",
      "airplane",
      "aircraft",
      "craft",
      "vehicle",
      "horizontal stabilizer",
      "aerofoil (aeroplane)",
      "device",
      "jetliner",
      "jet plane",
      "jumbojet",
      "coal black color"
    ],
    "faces": [],
    "colors": {
      "muted": "#747c9c",
      "darkMuted": "#2d2734",
      "lightMuted": "#d1cca1"
    },
    "status": "complete"
  },
  "id": "3efcbf8e-c8b8-48af-aab9-4a7fee3029e0",
  "resource": "44dfe26f8e056f3f3b4216616d452a2d",
  "fileSize": 28373,
  "status": "ready",
  "lastModifierId": "156431aa-7f0d-4ba8-b277-2542cdbe0db6",
  "renditions": {
    "default": {
      "id": "r=44dfe26f8e056f3f3b4216616d452a2d&a=3efcbf8e-c8b8-48af-aab9-4a7fee3029e0",
      "source": "/authoring/v1/resources/44dfe26f8e056f3f3b4216616d452a2d"
    }
  },
  "metadata": {
    "width": 640,
    "height": 426,
    "camera": {
      "make": "Canon",
      "model": "Canon EOS 70D",
      "focalLength": 55,
      "shutterSpeed": "1/250",
      "aperture": 13
    }
  },
  "classification": "asset",
  "created": "2017-05-18T13:30:23.190Z"
}